Clickbait_Score,Hyperbole_Score,HC_Sentiment,HC_TER,U_Shaped_FFR,VA_Freshness_Score,Misinformation
0.95,0.5,0.4113,0,0.4907,0.2,High
0.875,0,0.3077,0,0.5205,0,Low
0.8571,0,0.1806,0,0.5144,0.0109,Low
0.6667,0,0.0427,0,0.5863,0,Low
0.9091,0,0.2589,0.0727,0.5195,0,Low
0.5,0,0,0,0.4062,0,No
0.75,0,0.2343,0.0682,0.0359,0.2,Low
0.875,0,0.2891,0.0067,0.8148,0.2,Moderate
0.8333,0,0.304,0.0035,0.7239,0,Low
0.6667,0,0.0342,0,0.8126,0.2,Low
0.8333,0,0.2669,0.0063,0.0006,0.2,Low
0.875,0,0.2346,0,0.046,0.0001,Low
0.875,0,0.2315,0,0.9102,0.2,Moderate
0.875,0,0.2394,0.0257,0.4634,0,Low
0.9655,0,0.2417,0,0.0728,0,Low
0.9412,0,0.4048,0,0.5144,0.0914,Low
0.9286,0,0.4306,0,0.6337,0,Moderate
0.9333,0,0.386,0,0.4914,0.0206,Low
0.8571,0,0.2188,0,0.8034,0.2,Low
0.5,0,0,0,0.4323,0,No
0.8333,0,0.0943,0,0.8877,0.3094,Low
0.8333,0,0.1835,0,0.6717,0.2,Low
0.9444,0,0.1605,0.03,0.1052,0,Low
0.96,0,0,0.0178,0.5458,0,Low
0.9167,0,0.2179,0.0008,0.4854,0.2292,Low
0.8,0,0.1608,0,0.214,0.2292,Low
0.6667,0,0.2395,0,0.1589,0,No
0.9286,0.5,0.635,0.0649,0.214,0,High
0.9545,0,0,0.014,0.5458,0,Low
0.6667,0,0.0342,0,0.15,0,No
0.875,0,0.2879,0.0177,0.8316,0.2,Moderate
0.8,0,0.259,0,0.3537,0,Low
0.8,0,0.1527,0,0.142,0,No
0.8333,0,0.3243,0.0435,0.0006,0.2,Low
0.8333,0,0.2441,0,0.1589,0,Low
0.9231,0,0.2402,0,0.4914,0.4218,Low
0.75,0,0,0,0.4882,0.2,Low
0.8571,0,0,0.0088,0.7236,0.3094,Low
0.9333,0,0,0.0636,0.2232,0.067,Low
0.6667,0,0.2606,0,0.2413,0.0007,Low
0.9474,0,0.2132,0.0135,0.7628,0,Low
0.75,0,0,0.0259,0.0566,0.0364,No
0.5,0,0,0.0004,0.8853,0.2,Low
0.75,0,0,0,0.9132,0,Low
0.8,0,0.3132,0,0.6628,0.2,Low
0.6667,0,0,0.0011,0.8853,0.2,Low
0.9474,0,0,0.0012,0.8836,0.2,Low
0.6667,0,0,0,0.3482,0,No
0.6667,0,0.038,0,0.9511,0.2,Low
0.9,0,0.0513,0.0329,0.7892,0,Low
0.8889,0,0.2831,0,0.4368,0.2,Low
0.8889,0,0,0.0019,0.5275,0,Low
0.8333,0,0,0,0.0173,0,No
0.9375,0,0.3107,0.4688,1,0.027,High
0.8571,0,0.2678,0.0051,0.9761,0.2,Moderate
0.9,0.5,0.3202,0,0.3269,0.2,Moderate
0.8571,0,0.3437,0.0065,0.5654,0.0018,Low
0.8333,0,0.2083,0,0.4554,0.1246,Low
0.75,0,0.2034,0,0.5441,0,Low
0.8333,0.5,0,0,0.068,0,Low
0.75,0,0.2768,0.0078,0.2017,0,Low
0.75,0,0.0759,0.0078,0.2017,0,No
0.8,0.5,0,0,0.6674,0.0023,Moderate
0.9474,0,0.2755,0,0.0282,0,Low
0.9333,0,0,0,0.6516,0,Low
0.8571,0,0.1071,0.0102,0.0012,0,No
0.8,0,0.2288,0.0148,0.1358,0,Low
0.8571,0,0,0.0026,0.0571,0,No
0.9286,0,0.024,0,0.6177,0,Low
0.9412,0,0.2159,0,0.6516,0,Low
0.75,0,0.2145,0.0375,0.1337,0,Low
0.9091,0,0,0.0089,0.6127,0.0001,Low
0.8333,0,0,0,0,0.0032,No
0.9333,0,0.012,0,0.824,0,Low
0.75,0,0,0.0268,0.1247,0,No
0.9412,0,0.1489,0,0.7092,0.4218,Moderate
0.8,0.5,0.5155,0,0.3804,0,Moderate
0.9167,0,0,0,0.2568,0,Low
0.8333,0.5,0,0,0.0918,0.0005,Low
0.75,0.5,0.4054,0,0.2962,0,Moderate
0.8,0,0.0103,0,0.4354,0,Low
0.9286,0,0,0,0.8656,0,Low
0.9167,0,0,0,0.8656,0,Low
0.8,0.5,0,0,0.6663,0,Moderate
0.8,0.5,0,0,0.695,0.0914,Moderate
0.875,0,0.2439,0.0102,0.6516,0,Low
0.9333,0,0,0.0067,0.0415,0,No
0.875,0.5,0.4604,0.0127,0.0668,0,Moderate
0.5,0,0.1147,0,0.5911,0,No
0.9167,0,0,0.0034,0.8656,0,Low
0.6667,0,0,0,0.3135,0,No
0.6667,0,0.0427,0,0,0.2,No
0.8571,0.5,0.4683,0,0.7794,0.2,High
0.8889,0,0.3938,0.001,0.9514,0.2,Moderate
0.6667,0,0,0.0303,0.6633,0,Low
0.8571,0,0.3335,0,0.1901,0,Low
0.9091,0,0.2085,0,0.6609,0,Low
0.9091,0.5,0.4021,0,0.5091,0,Moderate
0.9,0,0,0.0014,0.9514,0.2,Low
0.9565,0,0.4044,0.039,0.3492,0,Low
0.8889,0,0.2253,0.0089,0.1278,0.0001,Low
0.8889,0,0.3716,0.0171,0.1278,0.0001,Low
0.8889,0,0.0456,0.0296,0.1278,0.0002,Low
0.9091,0,0.216,0.0017,0.9514,0.2,Moderate
0.9,0,0.1897,0.0027,0.9514,0.2,Moderate
0.9375,0,0,0,0.3281,0.2,Low
0.9,0,0.2812,0.0015,0.9514,0.2,Moderate
0.875,0,0,0.0048,0.9815,0.2,Low
0.8571,0,0,0,0.1809,0,No
0.9167,0,0,0,1,0,Low
0.9231,0,0.401,0.0092,0.6516,0,Moderate
0.8889,0,0,0.0045,0.0303,0.0364,No
0.9091,0,0,0.0038,0.8656,0,Low
0.8333,0,0,0.0185,0.1278,0.0001,No
0.9444,0,0.1605,0.0019,0.2223,0,Low
0.8889,0,0.2664,0,0.8128,0,Low
0.9091,0,0,0.0072,0.8656,0,Low
0.9091,0,0,0.0179,0.9672,0.2,Low
0.9231,0,0.3676,0,0.582,0.2,Moderate
0.8571,0,0.2674,0.0044,0.4974,0.2,Low
0.9091,0.5,0,0.0414,0.7405,0,Moderate
0.875,0,0.0778,0.0729,0,0,Low
0.8,0,0,0,0.0074,0,No
0.8571,0,0,0,0.6326,0.0005,Low
0.875,0.5,0.3832,0,0.0711,0.2,Moderate
0.75,0,0.246,0,0.1091,0,No
0.75,0,0.1193,0.0043,0.15,0.2,Low
0.8333,0,0.2481,0.016,0.6051,0.2,Low
0.8333,0,0.1675,0,0.1064,0,Low
0.963,0,0,0.0193,0.4092,0.3094,Low
0.9565,0,0.1626,0,0.007,0.0018,Low
0.8571,0,0,0.0017,0.662,0.2,Low
0.8333,0.5,0.2212,0,0.1525,0,Moderate
0.8,0,0.2169,0.0021,0.6792,0.2,Low
0.9286,0,0,0,0.4634,0.1681,Low
0.8889,0,0.1786,0,0.5335,0,Low
0.8889,0,0.3026,0,0.1721,0,Low
0.8889,0,0.3008,0.0342,0.3666,0,Low
0.8,0.5,0.467,0,0.074,0.0001,Moderate
0.75,0,0,0,0.474,0,Low
0.9375,0,0,0,0.2886,0,Low
0.5,0,0.1592,0,0.2944,0,No
0.75,0,0.1193,0,0.6539,0,Low
0.8333,0,0,0,0.7913,0.2,Low
0.8333,0,0.3949,0.0379,0.1899,0,Low
0.8333,0,0.3712,0.008,0.819,0.2,Moderate
0.5,0,0.1279,0,0.0754,0,No
0.8333,0,0,0.0006,0.9817,0.2,Low
0.8,0,0.198,0,0.2455,0,Low
0.75,0,0.3478,0.0341,0.8901,0.2,Moderate
0.8571,0,0.2257,0,0.4114,0.0001,Low
0.6667,0,0.2526,0.0133,0.4114,0.0001,Low
0.6667,0,0.1756,0.0167,0.4114,0.0001,Low
0.8571,0,0.4077,0,0.1314,0.0496,Low
0.6667,0,0.0427,0.0185,0.4114,0.0001,No
0.6667,0,0.2787,0.0185,0.4114,0.0001,Low
0.6667,0,0.2423,0.0108,0.4114,0.0001,Low
0.9091,0,0.3886,0.0699,0.7762,0.2,Moderate
0.9375,0,0,0,1,0,Low
0.8571,0,0.3806,0.0138,0.9405,0,Moderate
0.9091,0,0.4274,0,0.1906,0,Low
0.8,0,0.2225,0,0.2825,0,Low
0.6667,0,0.1061,0,0.9102,0.2,Low
0.9286,0.5,0.2273,0,0.1567,0.0043,Moderate
0.5,0,0.085,0,0.2963,0.1246,No
0.6667,0,0.1133,0,0.2963,0.1246,No
0.6667,0,0.1133,0,0.2963,0.1246,No
0.6667,0,0.3082,0.0213,0.1626,0.1246,Low
0.5,0,0.085,0,0.2727,0,No
0.5,0,0.085,0,0.2727,0,No
0.6667,0,0.1133,0,0.2727,0,No
0.6667,0,0.1133,0,0.2727,0,No
0.6667,0,0.1133,0,0.2727,0,No
0.6667,0,0,0.0067,0,0.0364,No
0.8333,0,0.2742,0.0415,0.851,0.2,Moderate
0.9231,0,0,0,0.2271,0.0032,Low
0.9444,0,0,0,0.1321,0.0007,Low
0.9583,0,0,0,0.1726,0.0364,Low
0.9565,0,0,0.0104,0.1726,0.0364,Low
0.9167,0,0.3869,0,0.1726,0.0496,Low
0.9524,0,0.3055,0.2198,0.2501,0.0001,Low
0.9,0,0,0,0.1726,0.0364,Low
0.9091,0,0.1446,0,0.1726,0.0496,Low
0.9545,0,0.0731,0,0.8241,0,Low
0.8,0,0.0809,0,0.298,0.1681,Low
0.8,0,0.3564,0.0188,0.0187,0,Low
0.875,0,0,0.0137,0.265,0.0496,Low
0.9444,0,0,0.0035,0.4543,0,Low
0.9444,0,0,0.0077,0.4543,0,Low
0.963,0,0.2385,0,0.1192,0,Low
0.95,0,0,0.0038,0.6277,0.4218,Low
0.9167,0,0.0909,0,0.2467,0.2,Low
0.9375,0,0.1594,0.0307,0.0524,0.0914,Low
0.9231,0,0.288,0.0029,0.6277,0.4218,Moderate
0.96,0,0,0.0253,0.2501,0.0001,Low
0.8,0,0,0,0.6547,0.0013,Low
0.8571,0,0.1171,0,0.3669,0,Low
0.8889,0.5,0.5607,0.0275,0.2917,0,Moderate
0.8,0,0,0.0348,0.3701,0,Low
0.9474,0,0.4035,0,0.4526,0.0018,Low
0.8,0,0.1907,0,0.8246,0,Low
0.8333,0,0.0107,0.0228,0.3047,0,Low
0.9,0,0.2697,0.0052,0.0564,0,Low
0.9583,0,0.2284,0,0.1135,0,Low
0.8889,0,0.2709,0,0.6566,0,Low
0.9333,0.5,0,0.0048,0.6277,0.4218,Moderate
0.8333,0,0.2317,0.0035,0.7057,0.2,Low
0.6667,0,0,0,0.3456,0.0003,No
0.9375,0,0.4157,0.0146,0.3454,0.0001,Low
0.8,0,0,0.019,0.0208,0.4218,No
0.9643,0,0,0.0452,0.6277,0.4218,Low
0.95,0,0.3453,0.0136,0.0677,0.4218,Low
0.6667,0,0,0,0.4914,0.0208,No
0.9333,0,0,0.0031,1,0.0023,Low
0.75,0,0.1269,0,0.1092,0,No
0.963,0.5,0.148,0,0.4914,0.0208,Moderate
0.8333,0,0.1835,0,0.1281,0,Low
0.8333,0,0.1233,0,0.4914,0.0208,Low
0.8,0,0.2225,0,0.5898,0,Low
0.8571,0,0.0331,0.0072,0.3047,0,Low
0.6667,0,0.1204,0.0294,0.0566,0.2,No
0.9286,0,0.2207,0.0036,0.0628,0.2,Low
0.8,0,0,0.0494,0.4146,0,Low
0.8333,0,0,0,0.8689,0,Low
0.8333,0,0.2552,0.0391,0.0884,0,Low
0.9412,0,0.4022,0,0.0554,0,Low
0.9333,0,0,0.0124,0.6277,0.4218,Low
0.95,0,0,0.0033,0.6277,0.4218,Low
0.9756,0,0.2491,0.0273,0.5926,0,Low
0.9333,0,0.176,0,0.5783,0.4218,Low
0.95,0,0,0.0037,0.6277,0.4218,Low
0.9,0,0.153,0,0.8512,0,Low
0.75,0,0,0.0154,0.0175,0.027,No
0.9231,0,0.3788,0,0.3383,0.0043,Low
0.9231,0,0,0,0.5186,0.0059,Low
0.9167,0,0.234,0,0.1376,0.0013,Low
0.8889,0,0,0.044,0.6237,0,Low
0.8333,0,0.1835,0.0138,0.9153,0.2,Moderate
0.9583,0,0.274,0.0176,0.0639,0,Low
0.8,0,0.253,0,0.7042,0,Low
0.9375,0.5,0,0.0136,0.2963,0.0032,Moderate
0.8571,0,0.1071,0,1,0.2,Moderate
0.75,0,0,0,0.573,0.0198,Low
0.9565,0,0.1744,0.0122,0.0161,0,Low
0.9,0,0.2139,0,0.0044,0.0001,Low
0.9,0,0,0.0113,0.2286,0.0914,Low
0.8571,0,0.1603,0.0049,0.9366,0.0109,Low
0.8571,0,0.3113,0.0072,0.8814,0.0148,Moderate
0.973,0,0,0,0.6877,0,Low
0.8889,0,0.3112,0,0.584,0.2,Low
0.8571,0,0.1658,0,0.22,0.0043,Low
0.9286,0,0.3901,0.0663,0.22,0.0043,Low
0.8571,0,0.2257,0,1,0.0198,Moderate
0.8333,0,0.1188,0,0.0685,0.2,Low
0.8,0.6667,0.6083,0,0.3015,0.2,High
0.9615,0,0.3672,0.0102,0.2916,0.0002,Low
0.75,0,0.3008,0,0.3789,0.008,Low
0.9091,0,0.3629,0,0.0063,0,Low
0.8333,0.5,0.6349,0,0.3015,0.2,Moderate
0.75,0,0,0,0.5127,0,Low
0.9,0,0.2298,0.0237,0.6472,0,Low
0.8,0,0.2763,0,0.3015,0.2,Low
0.9167,0,0.4061,0.0241,0.1805,0,Low
0.9412,0,0.0952,0,0.0703,0,Low
0.9444,0,0,0.0048,0.9085,0.2,Low
0.9286,0,0,0.0696,0.0245,0,Low
0.9231,0,0.1154,0.044,0.0245,0,Low
0.8571,0.5,0.1194,0.0078,0.5195,0,Moderate
0.8571,0,0.296,0,0.4139,0,Low
0.8333,0,0.4042,0,0.3015,0.2,Low
0.8889,0,0.265,0,0.4139,0,Low
0.9643,0,0,0.2192,0.2154,0,Low
0.8333,0,0.2259,0,0.6754,0.0018,Low
0.8,0.5,0.0168,0.0722,0.2106,0.067,Moderate
0.9231,0,0.1261,0.033,0.0245,0,Low
0.9737,0,0,0.2434,0.6877,0,Moderate
0.9091,0,0.2825,0.0182,0.4362,0.0002,Low
0.9091,0,0.2825,0.0487,0.4362,0.0002,Low
0.9091,0,0.2825,0.0189,0.4362,0.0002,Low
0.8,0,0.2908,0.0842,0.1805,0,Low
0.8889,0,0.068,0.0232,0.8454,0,Low
0.875,0,0.2304,0.0365,0.0883,0.2292,Low
0.9,0,0.1129,0.0212,0.5195,0,Low
0.9231,0.5,0.5154,0,0.2781,0.2,Moderate
0.9,0,0.1955,0,0.2718,0,Low
0.9167,0,0,0,0.4781,0.2,Low
0.9474,0,0.2086,0,0.3475,0,Low
0.9444,0,0.3665,0,0.2296,0.067,Low
0.8333,0,0.1042,0,0.5016,0,Low
0.9524,0,0.2906,0.0176,0.1562,0,Low
0.8,0,0,0.0146,0.0518,0.2,No
0.8,0,0.0809,0.0026,0.6163,0,Low
0.9091,0,0.0284,0,0.3013,0.0002,Low
0.9,0,0.0116,0.025,0.0366,0.2,Low
0.8,0,0.3435,0,0.3015,0.2,Low
0.75,0,0.1788,0.0288,0.4666,0.0001,Low
0.6667,0,0.2269,0,0.7692,0.2,Low
0.95,0,0,0,0.3475,0,Low
0.9524,0,0.2097,0,0.4706,0.2,Low
0.875,0,0.2262,0,0.193,0.2,Low
0.9524,0.6667,0,0,0.3251,0,Moderate
0.9286,0,0.3552,0,0.4781,0.0002,Low
0.963,0,0.1935,0,0.3475,0,Low
0.8,0.5,0.3896,0.0119,0.162,0,Moderate
0.8333,0,0.3152,0,0.3676,0.0004,Low
0.9286,0,0.434,0,0.1507,0,Low
0.9375,0.5,0.685,0,0.0948,0,Moderate
0.9583,0,0,0,1,0,Low
0.8571,0,0.0762,0,0.1802,0,Low
0.875,0.5,0.5715,0,0.0587,0,Moderate
0.9,0,0.1221,0.0321,0.5329,0.2,Low
0.75,0,0.1915,0,0.6479,0,Low
0.9,0,0.2065,0,0.3173,0.0109,Low
0.9231,0.5,0.3624,0,0.3173,0,Moderate
0.9231,0,0,0,0.3173,0,Low
0.9231,0,0,0,0.3173,0,Low
0.9167,0,0.1458,0,0.3173,0,Low
0.9231,0.5,0.4765,0,0.3173,0,Moderate
0.9231,0,0.1748,0,0.3173,0,Low
0.9231,0,0.3256,0,0.3173,0,Low
0.9231,0,0,0.0113,0.3173,0,Low
0.9286,0.5,0.5977,0,0.2825,0.0018,Moderate
0.8889,0,0.2039,0.0222,0.2825,0.0018,Low
0.9091,0.5,0.5917,0,0.2916,0.2,High
0.875,0,0.1391,0,0.3207,0,Low
0.9524,0.5,0.6558,0,0.4781,0.1681,High
0.875,0,0.1844,0,0.3942,0.2,Low
0.9,0,0.3815,0,0.5507,0.0001,Low
0.8333,0,0.2322,0,0.214,0.2,Low
0.9333,0,0.3594,0.012,0.431,0.2,Low
0.75,0,0.1355,0,0.2531,0,Low
0.9412,0.5,0.3254,0.03,0.0645,0,Moderate
0.9444,0,0.3571,0.0098,0.6184,0.3094,Moderate
0.9565,0,0.4151,0.0087,0.026,0.2,Low
0.9643,0,0.0249,0.0138,0.6846,0.2,Low
0.9091,0,0.4268,0.0073,0.7224,0,Moderate
0.9583,0,0.413,0,0.3653,0,Low
0.9412,0,0.2065,0.0147,0.4192,0.0018,Low
0.9545,0.5,0.4515,0.0235,0.4192,0.0018,Moderate
0.8889,0,0,0.0317,0.1273,0.0059,No
0.8333,0,0,0.0096,0.3366,0,Low
0.8,0,0,0,0.6479,0,Low
0.9286,0,0.024,0.0206,0.3704,0.2,Low
0.875,0,0.158,0,0.0359,0.2,Low
0.8889,0,0.292,0,0.616,0,Low
0.8333,0,0.1289,0.0144,0.616,0,Low
0.9565,0.6667,0,0.0077,0.1738,0,Moderate
0.9444,0,0.2166,0.0163,0.3529,0.008,Low
0.9583,0.5,0.3345,0.0141,0.1738,0,Moderate
0.9231,0,0,0.0087,0.255,0,Low
0.9231,0,0,0,0.255,0,Low
0.9231,0,0.2985,0.0104,0.0405,0,Low
0.9231,0,0.0821,0.0126,0.255,0,Low
0.9286,0,0.2863,0.0371,0.255,0,Low
0.9231,0,0,0.042,0.255,0,Low
0.9231,0,0.0934,0.042,0.255,0,Low
0.9231,0,0.1855,0,0.255,0,Low
0.9286,0.5,0.6816,0.0144,0.1152,0.2,High
0.9231,0,0,0,0.255,0,Low
0.9231,0,0,0,0.255,0,Low
0.9286,0,0,0,0.255,0,Low
0.9231,0,0,0,0.255,0,Low
0.9375,0,0,0,0.0193,0,No
0.9,0,0,0.0228,0.2298,0,Low
0.9444,0,0.129,0.0129,0.3121,0.2,Low
0.875,0,0.2734,0,0.3071,0.2,Low
0.9444,0,0,0.0124,0.6732,0.4218,Low
0.9167,0,0.3813,0,0.5083,0.2,Low
0.5,0,0,0.002,0.3565,0.0914,No
0.75,0,0.111,0,0.1314,0,No
0.9333,0,0.2734,0,0.4454,0.2,Low
0.8333,0.6667,0.5447,0,0.2572,0,High
0.8571,0,0.3217,0,0.4384,0,Low
0.8333,0,0.218,0,0.3723,0.2,Low
0.6667,0,0.2332,0,1,0.2,Low
0.8333,0,0.175,0,0.9143,0,Low
0.8889,0.6667,0.4723,0.2828,0.1764,0,High
0.9333,0,0.1275,0,0.2014,0,Low
0.9333,0,0,0.0333,0.2014,0,Low
0.9375,0,0,0,0.2014,0,Low
0.9286,0,0.0988,0.2322,0.2014,0,Low
0.9,0,0.3246,0.0419,0.8416,0,Moderate
0.9375,0,0.1492,0.1172,0.2014,0,Low
0.9167,0,0.4095,0,0.5673,0,Low
0.8889,0,0.1214,0.0315,0.8416,0,Low
0.8571,0,0.1171,0,0.5487,0,Low
0.9286,0,0.3796,0,1,0.1681,Moderate
0.9286,0,0.3796,0,0.5898,0.008,Low
0.9231,0,0,0,0.1007,0.2,Low
0.75,0,0.0385,0,0.3644,0,No
0.9167,0,0.0437,0.0224,0.8416,0,Low
0.875,0,0.2622,0.0105,0.4936,0,Low
0.9167,0,0.3159,0,0.5395,0,Low
0.8889,0,0.1044,0,0.1103,0.3094,Low
0.9091,0,0.1136,0.1299,0.6939,0,Low
0.9,0,0.1018,0,0.914,0,Low
0.9167,0,0.3535,0,0.0266,0,Low
0.8889,0,0,0.0185,0.355,0.2,Low
0.8,0,0.2672,0.04,0.1764,0,Low
0.75,0.5,0.185,0.0568,0.0749,0,Moderate
0.9231,0,0,0,0.6939,0,Low
0.75,0,0.1721,0.0021,0.9069,0.2,Low
0.6667,0,0,0,0.0102,0,No
0.8,0,0.1184,0.0308,0.0535,0.2292,Low
0.8,0.5,0.5792,0,0.101,0.0001,Moderate
0.8889,0,0.1697,0.0008,0.9487,0.2,Moderate
0.8571,0,0.3307,0,0.2215,0.2,Low
0.875,0,0.2086,0,0.355,0.2,Low
0.5,0,0.1147,0,0.1454,0.2,No
0.9231,0.6667,0.0816,0,0.5527,0,Moderate
0.6667,0,0,0,0.1626,0.001,No
0.8,0,0,0.0174,0.4823,0,Low
0.8,0.5,0.0502,0.031,0.0321,0,Low
0.8571,0,0.2188,0,0.355,0.2,Low
0.9167,0.5,0.5792,0,0.5154,0,High
0.9286,0,0,0,0.4494,0.2,Low
0.8333,0.5,0.6449,0.0771,0.2119,0.2,High
0.9412,0.5,0.3795,0,0.0788,0,Moderate
0.8,0,0.2107,0,0.9069,0.2,Low
0.8889,0.5,0.2927,0.0267,0.3633,0.0914,Moderate
0.8571,0,0,0,0.355,0.2,Low
0.8,0,0.136,0.0333,0.387,0.2,Low
0.9,0,0,0,0.4348,0.1681,Low
0.9231,0,0.1469,0,1,0.1681,Moderate
0.9231,0,0.1469,0.022,0.5898,0.008,Low
0.9231,0,0.1261,0,0.3173,0.1246,Low
0.9,0,0.1625,0,0.355,0.2,Low
0.6667,0,0.1756,0,0.5034,0.2292,Low
0.8333,0,0,0.0135,0.024,0.2,No
0.9412,0,0.3212,0,0.1454,0,Low
0.75,0,0.3008,0.0022,0.6763,0.2,Low
0.9286,0.5,0.5802,0.0408,0.5182,0,High
0.8571,0.5,0.561,0.0084,0.1764,0,Moderate
0.875,0,0.167,0,0.9069,0.2,Moderate
0.5,0,0.143,0,0.0583,0,No
0.8,0,0,0.059,0.0267,0.2,No
0.875,0,0.2026,0.0273,0.1472,0,Low
0.8571,0,0,0,0.1873,0,No
0.875,0,0.1844,0,0.355,0.2,Low
0.5,0,0,0,0.1761,0,No
0.6667,0,0.0593,0,1,0.0198,Low
0.75,0,0.1586,0.125,0.0687,0.2,Low
0.9091,0,0.1827,0,0.5532,0.3094,Low
0.75,0,0.1275,0,0.9069,0.2,Low
0.9167,0,0,0,1,0.1681,Low
0.9167,0,0,0,0.5898,0.008,Low
0.8,0,0.1527,0,0.407,0.0023,Low
0.875,0,0.2734,0.125,0.4283,0,Low
0.9333,0.5,0.4748,0.0462,0.1629,0.2,Moderate
0.8571,0,0.097,0,0.308,0,Low
0.8333,0.5,0.4731,0.0085,0.7498,0.2,High
0.9583,0,0,0,0.2027,0.2,Low
0.8889,0.5,0.0974,0.1042,0.0687,0.2,Moderate
0.6667,0,0.1273,0.0064,0.0773,0,No
0.8889,0,0.1157,0.0202,0.3529,0.2,Low
0.9167,0.5,0.5457,0.4722,1,0.4218,Severe
0.8571,0,0,0,0.308,0,Low
0.75,0,0.0849,0,0.2044,0,No
0.8,0,0.2288,0,0.121,0,Low
0.8889,0,0.1414,0,0.3707,0.2,Low
0.6667,0,0.051,0.0094,0.6253,0.2,Low
0.8571,0,0.0549,0,0.5214,0.2,Low
0.8333,0,0.2915,0,0.1587,0,Low
0.8571,0,0,0.0051,0.4431,0,Low
0.9231,0,0,0,1,0.1681,Low
0.9231,0,0,0,0.5898,0.008,Low
0.6667,0.5,0.1594,0,0.3592,0.2,Moderate
0.875,0,0.2725,0,0.2623,0.2,Low
0.9286,0.6667,0,0.3545,1,0.3094,Severe
0.8889,0.5,0,0,1,0.3094,High
0.9444,0.6667,0.5835,0.5035,1,0.3094,Severe
0.9167,0.5,0,0,1,0.3094,High
0.8333,0.5,0,0,1,0.3094,Moderate
0.9091,0.6667,0.3008,0,1,0.3094,High
0.9333,0.5,0.3843,0.4778,1,0.3094,Severe
0.8889,0.5,0.2056,0,1,0.3094,High
0.875,0,0.0113,0,1,0.3094,Moderate
0.9231,0,0.3352,0,0.1436,0.0043,Low
0.8571,0,0.1601,0,0.1689,0.2,Low
0.9,0,0.1561,0,0.3822,0.1681,Low
0.8571,0,0.121,0.015,0.0898,0.2,Low
0.8889,0,0,0,0.2782,0.2,Low
0.875,0,0.2048,0,0.214,0.027,Low
0.875,0.5,0.3257,0,0.214,0.027,Moderate
0.8571,0,0.262,0,0.214,0.027,Low
0.875,0,0.3433,0,0.214,0.027,Low
0.8571,0,0.2291,0,0.214,0.027,Low
0.8333,0.5,0.3309,0,0.214,0.027,Moderate
0.8333,0.75,0.0204,0,0.214,0.027,Moderate
0.9444,0,0.3779,0,0.2298,0,Low
0.75,0,0.0744,0.0094,0.0733,0,No
0.8333,0,0.1982,0.0059,0.5137,0.2,Low
0.8333,0,0.0637,0.0347,0.099,0,No
0.6667,0,0,0,0.3229,0,No
0.5,0,0.0257,0,0.2913,0,No
0.9,0,0.3341,0,0.038,0,Low
0.875,0,0.1758,0.0875,0.6468,0,Low
0.75,0,0.2197,0.0221,0.3717,0,Low
0.8889,0,0.2722,0,0.3173,0,Low
0.8,0,0.2723,0.2,0.4882,0,Low
0.8333,0,0.3037,0,0.4005,0,Low
0.6667,0,0.0361,0.0076,0.1973,0,No
0.9333,0,0.2458,0.007,0.2536,0.2,Low
0.9375,0,0.2469,0.1339,0.3241,0,Low
0.75,0,0.1432,0,0.5346,0,Low
0.8,0,0,0,0.0347,0,No
0.75,0,0.029,0,0.0092,0,No
0.8,0,0.0712,0,0.5898,0,Low
0.6667,0,0.1589,0.0183,0.1809,0,No
0.875,0,0,0.0104,0.1103,0,No
0.8333,0,0.3158,0.013,0.6882,0,Low
0.9091,0,0,0.0239,0.3969,0,Low
0.9412,0,0,0.0138,0.3602,0,Low
0.9286,0,0.1957,0,0.7324,0,Low
0.5,0,0.1676,0.0122,0.3922,0,No
0.9167,0,0.329,0.0059,0.0012,0,Low
0.8,0.5,0.4826,0.13,0.104,0,Moderate
0.8333,0,0,0,0.0146,0,No
0.5,0,0.085,0.0086,0.3516,0,No
0.6667,0.5,0.1507,0,0.285,0,Low
0.8889,0,0.1453,0.0261,0.1943,0,Low
0.75,0,0,0,0.4088,0,No
0.8333,0.5,0.2679,0,0.302,0,Moderate
0.8571,0,0.3651,0,0.4032,0,Low
0.75,0,0.1915,0,0.5034,0,Low
0.8333,0,0.1326,0,0.2006,0,Low
0.8333,0,0.1615,0,0.2298,0,Low
0.8,0,0,0,0.2006,0,No
0.875,0,0.2725,0,0.0377,0,Low
0.8,0,0,0,0.5038,0,Low
0.8,0,0,0.0157,0.1476,0,No
0.9167,0.5,0.3499,0,1,0,High
0.8,0,0,0.0085,0.3397,0,Low
0.8571,0,0.2824,0.0048,0.1894,0,Low
0.9,0,0,0,0.3397,0,Low
0.9375,0,0.2861,0.0144,0.724,0,Moderate
0.8889,0,0.315,0.0115,0.2456,0.2,Low
0.8333,0,0,0,0.1886,0,No
0.8571,0,0.1071,0,1,0,Low
0.6667,0,0.255,0,0.3454,0,Low
0.8333,0,0.2194,0,0.1911,0,Low
0.9333,0,0,0,0.3397,0,Low
0.9333,0,0,0,0.3397,0,Low
0.6667,0,0.1204,0,0.5339,0,Low
0.8333,0,0.1505,0,0.0581,0,No
0.9474,0,0.2258,0.0053,0.113,0.2,Low
0.9545,0,0.3163,0.0116,0.8471,0,Moderate
0.75,0,0,0,0.1551,0,No
0.6667,0,0,0,0.1302,0,No
0.9167,0.5,0.187,0.028,0.0891,0,Moderate
0.6667,0,0,0.005,0.1487,0,No
0.95,0,0.0608,0.0061,0.6561,0,Low
0.9091,0,0.4239,0.001,0.0094,0,Low
0.8,0,0.2316,0.0267,0.0642,0,Low
0.875,0,0.2929,0,0.0981,0,Low
0.9412,0,0.3795,0,0.0947,0,Low
0.75,0,0.2343,0,0.3689,0,Low
0.5,0,0.0683,0.0214,0.0642,0,No
0.8571,0,0.2257,0,0.3173,0,Low
0.8,0.5,0.532,0,0.1983,0,Moderate
0.8571,0,0.1548,0,0.3453,0.2,Low
0.75,0,0.1193,0,0.3525,0,Low
0.6667,0.5,0.0301,0,0.2403,0.0001,Low
0.8,0,0.2779,0.0255,0.2254,0.2,Low
0.8,0,0.0303,0,0.503,0,Low
0.8571,0.5,0,0,0.0742,0,Low
0.9333,0.5,0.6067,0.0526,0.3758,0,High
0.9091,0,0.0851,0.0478,0.3758,0,Low
0.9333,0.5,0.6067,0.0921,0.3758,0,High
0.8889,0,0.2195,0,0.2916,0.0002,Low
0.9091,0.6667,0.7235,0.1171,0.3758,0,High
0.9,0,0.0462,0.0682,0.3758,0,Low
0.6667,0,0.1808,0,0.0791,0.0148,No
0.8571,0,0.3248,0.0082,0.4421,0,Low
0.6667,0,0.0593,0,0.2413,0,No
0.9333,0.5,0.6067,0.0446,0.3758,0,High
0.9375,0.5,0.6906,0.1529,0.3758,0,High
0.75,0.5,0.4377,0.0735,0.2413,0,Moderate
0.5,0.6667,0.4113,0,0.2413,0,Moderate
0.8333,0,0,0.101,0.3758,0,Low
0.9524,0.5,0.5086,0.0908,0.3758,0,High
0.8333,0,0,0,0.4836,0,Low
0.8,0,0,0,0.043,0,No
0.6667,0,0,0.0139,0.4332,0.0032,No
0.75,0,0,0,0.2413,0,No
0.5,0,0,0,0.2519,0.027,No
0.8333,0.5,0.6291,0,0.2624,0,Moderate
0.75,0,0.2145,0,0.503,0,Low
0.8333,0,0.1912,0,0.4469,0,Low
0.9375,0,0.3809,0.0253,0.0584,0.0496,Low
0.8,0,0.2526,0,0.0696,0.2292,Low
0.8,0,0,0.0381,0.3353,0.4218,Low
0.8889,0,0.3596,0.0139,0.2293,0,Low
0.9,0,0.2406,0,0.0101,0,Low
0.95,0,0.4022,0.0297,0.0125,0,Low
0.75,0,0.2248,0,0.0787,0,No
0.9091,0,0,0,0.132,0,No
0.5,0,0,0,0.209,0.0001,No
0.8889,0,0.2039,0.0085,0.3183,0,Low
0.75,0,0.2724,0,0.1869,0,Low
0.6667,0,0.1273,0.0111,0.0102,0.1246,No
0.75,0,0.2786,0.006,0.8087,0.067,Low
0.75,0,0.1995,0.2386,0.0521,0.3094,Low
0.9231,0,0.4177,0.0979,0.3758,0,Low
0.8889,0,0.1697,0.0114,0.0846,0.0001,Low
0.9333,0,0.2669,0.0068,0.132,0,Low
0.5,0,0,0.0203,0.2735,0,No
0.9,0,0.2083,0,0.3951,0.4218,Low
0.8,0,0.1327,0.0344,0.4267,0.2,Low
0.9333,0,0,0,0.0928,0,No
0.8333,0,0.0215,0.0245,0.4267,0.2,Low
0.8,0.5,0.5099,0.05,0.0978,0.2,Moderate
0.5,0,0.1622,0.0111,0.0139,0,No
0.8,0,0.2215,0.0119,0.4267,0.2,Low
0.875,0,0,0,0.016,0,No
0.75,0,0,0.018,0.4267,0.2,Low
0.6667,0,0,0.0154,0.4267,0.2,Low
0.8333,0,0.1591,0,0.4267,0.2,Low
0.8889,0,0.1697,0.0064,0.4267,0.2,Low
0.5,0,0,0.0046,0.7754,0,No
0.5,0,0.1702,0.0169,0.3607,0,No
0.6667,0,0,0,0.5203,0,No
0.75,0,0,0.0194,0.4267,0.2,Low
0.8,0,0,0.0267,0.4267,0.2,Low
0.6667,0,0.1468,0.0039,0.2761,0,No
0.5,0,0,0.0097,0.3607,0,No
0.9474,0,0.359,0,0.0272,0,Low
0.6667,0,0,0,0.1155,0.2,No
0.9412,0,0,0,0.0272,0,No
0.9412,0,0,0,0.0272,0,No
0.9412,0,0,0,0.0272,0,No
0.9412,0,0,0,0.0272,0,No
0.9286,0.5,0.1079,0.0224,0.7757,0.2,High
0.9412,0,0,0,0.195,0.008,Low
0.6667,0,0,0.0142,0.3231,0,No
0.8889,0,0,0.0032,0.5969,0.2,Low
0.5,0,0.098,0,0.0323,0,No
0.8333,0,0,0.1172,0.0822,0,No
0.8889,0,0.3675,0,0.015,0.0043,Low
0.5,0,0.1838,0.0185,0.3607,0,No
0.5,0,0.2239,0.0177,0.3607,0,No
0.6667,0,0,0,0.3235,0,No
0.8,0,0.329,0,0.572,0.001,Low
0.75,0,0,0.0096,0.4202,0.2,Low
0.98,0,0.403,0.245,0.3887,0,Moderate
0.6667,0,0.1529,0.0365,0.2254,0,No
0.9412,0,0,0.0112,0.195,0.008,Low
0.75,0,0.1852,0.0201,0.2126,0.0023,Low
0.8,0,0.0696,0.0149,0.3607,0,Low
0.6667,0,0.1702,0.0233,0.0411,0.2,No
0.5,0,0,0.0088,0.1981,0,No
0.875,0,0.2086,0,0.016,0,Low
0.5,0,0.1101,0.0041,0.4054,0.001,No
0.8,0,0,0.0312,0.2735,0,No
0.6667,0.5,0.0489,0.0216,0.3407,0,Low
0.9333,0,0.4244,0,0.5034,0,Low
0.5,0.5,0.1374,0.0333,0.3407,0,Low
0.9643,0.5,0.5509,0.0241,0.039,0.2,Moderate
0.8,0,0,0.0165,0.081,0,No
0.5,0,0,0,0.481,0.2,No
0.9412,0,0,0,0.0272,0,No
0.9643,0,0.1742,0.0018,0.2942,0.2292,Low
0.9412,0.5,0.4754,0,0.0272,0,Moderate
0.6667,0,0,0.037,0.1024,0,No
0.5,0,0.0133,0,0.3607,0,No
0.8,0.5,0.4688,0,0.1864,0.0043,Moderate
0.8,0.5,0.4688,0,0.1864,0.0043,Moderate
0.5,0,0.181,0,0.2254,0,No
0.8333,0.5,0.5178,0.0465,0.2254,0,Moderate
0.75,0,0.3074,0.0326,0.2254,0,Low
0.875,0,0,0,0.5357,0.0007,Low
0.8,0,0,0.0174,0.2126,0.2,Low
0.8333,0,0.1822,0.0431,0.1661,0.2,Low
0.8571,0,0,0,0.0822,0,No
0.5,0,0,0,0.3003,0,No
0.9412,0,0,0,0.195,0.008,Low
0.6667,0,0,0.0108,0.1421,0.2,No
0.9286,0,0,0,0.3529,0.0001,Low
0.6667,0,0.0342,0.0208,0.0159,0.2,No
0.96,0.5,0.3349,0.0128,0.2835,0.0059,Moderate
0.8889,0,0.2717,0.0084,0.2841,0.2,Low
0.9565,0.5,0,0.0208,0.0276,0.2,Moderate
0.5,0,0.0193,0.0167,0.1981,0,No
0.9474,0,0.3035,0,0.1338,0.2,Low
0.9091,0,0,0.0123,0.196,0.0002,Low
0.9412,0,0,0,0.195,0.008,Low
0.8,0,0.2548,0.0117,0.3809,0,Low
0.6667,0,0,0.0476,0.1365,0,No
0.9412,0,0,0,0.195,0.008,Low
0.6667,0,0,0,0.1235,0,No
0.8571,0,0.1487,0.0208,0.4267,0.2,Low
0.8571,0,0.1629,0.049,0.1656,0.0914,Low
0.5,0,0.0506,0,0.0199,0,No
0.5,0,0,0,0.0199,0,No
0.8333,0,0,0.0417,0.0822,0,No
0.8889,0,0.373,0,0.2623,0.2,Low
0.5,0,0,0.0197,0.0199,0,No
0.5,0,0.1147,0.0109,0.1981,0,No
0.75,0.6667,0,0,0.0471,0,Moderate
0.9474,0,0,0,0.0949,0,Low
0.75,0,0.2553,0.0536,0.0156,0.0018,Low
0.9,0,0.3588,0.0257,0.03,0,Low
0.8,0.6667,0.2947,0,0.4341,0,Moderate
0.6667,0.5,0.2459,0,0.031,0,Low
0.9231,0.8,0.5384,0.0118,0.6684,0.2,Severe
0.9091,0,0,0,0.3673,0,Low
0.5,0,0,0,0.2653,0.2,No
0.9333,0,0.004,0,0.3669,0,Low
0.75,0,0.209,0.0156,0.796,0.2,Low
0.8571,0,0.1548,0,0.4396,0,Low
0.75,0,0.214,0.0536,0.171,0.2,Low
0.75,0,0,0.125,0.0118,0,No
0.6667,0.5,0.4085,0,0.2633,0,Moderate
0.8571,0.5,0.4637,0,0.3014,0,Moderate
0.5,0,0.1147,0.0208,0.0245,0.2,No
0.5,0,0.1106,0.0481,0.2568,0,No
0.75,0.5,0.4118,0.1389,0.224,0.2,Moderate
0.6667,0,0.2907,0,0.4157,0,Low
0.8,0,0,0.021,0.7599,0.2,Low
0.6667,0,0,0,0.2363,0.2,No
0.8333,0,0.2058,0.3241,0.13,0,Low
0.9,0.5,0.428,0,0.4555,0.2,Moderate
0.75,0,0,0.0417,0.0686,0.1681,No
0.875,0,0.3758,0,0.4804,0.2,Low
0.9091,0,0.0351,0,0.3673,0,Low
0.6667,0,0,0,0.0839,0,No
0.9375,0,0.179,0,0.1821,0,Low
0.6667,0,0,0,0.2722,0,No
0.5,0,0,0.0032,0.6861,0.2,No
0.8333,0,0.0903,0.011,0.7372,0.2,Low
0.9375,0.5,0.2973,0.0031,0.9881,0.2,High
0.9375,0.5,0.2973,0.003,0.9881,0.2,High
0.9286,0,0.1579,0.0023,0.9881,0.2,Moderate
0.9231,0.5,0,0,1,0.0398,Moderate
0.9286,0,0.1579,0.002,0.9881,0.2,Moderate
0.75,0.6667,0.1935,0,0.0087,0.2,Moderate
0.9375,0,0,0,0.3951,0,Low
0.9091,0.5,0,0,0.2677,0,Moderate
0.875,0,0.1279,0.0116,0.9196,0.2,Moderate
0.8333,0,0,0.0219,0.4672,0.4218,Low
0.9821,0,0.1875,0.0043,0.0155,0.2,Low
0.8,0,0.2316,0.0167,0.4629,0.2,Low
0.8889,0,0,0,0.3101,0.0914,Low
0.9333,0,0.1782,0.0068,0.5408,0,Low
0.9231,0.5,0.3392,0.0212,0.5408,0,Moderate
0.8571,0,0.3088,0,0.3901,0.2,Low
0.75,0,0.111,0.0536,0.0365,0,No
0.8,0.6667,0.2947,0,0.4362,0,Moderate
0.8333,0.5,0,0.023,0.1058,0.2,Moderate
0.8571,0.5,0.6149,0.0323,0.4787,0,High
0.9,0.5,0,0,0.1235,0,Low
0.9,0,0,0,0.7184,0,Low
0.9375,0.5,0.4965,0,0.1004,0.2,Moderate
0.98,0,0.4526,0.23,0.324,0,Moderate
0.75,0.5,0.2258,0.1563,0.1474,0,Moderate
0.9167,0,0.0815,0,0.1635,0,Low
0.5,0,0.1101,0,0.0549,0.0018,No
0.9333,0,0.2169,0,0.324,0,Low
0.8333,0,0.0943,0.0039,0.2939,0,Low
0.875,0,0.1758,0.0625,0.3552,0.3094,Low
0.875,0,0,0,0.2939,0,Low
0.875,0,0.1295,0,0.7889,0.4218,Moderate
0.75,0,0.2553,0,0.0088,0.2,Low
0.75,0,0.0938,0.017,0.126,0,No
0.75,0,0.0849,0,0.0032,0,No
0.8,0,0,0.0056,0.1004,0,No
0.8333,0,0,0.0379,0.1377,0.2,Low
0.8,0.5,0.4134,0,0.2597,0.008,Moderate
0.8,0,0.2042,0,0.2977,0.0001,Low
0.8889,0.6667,0.5858,0.0142,0.7372,0.2,High
0.9412,0.8,0.31,0.058,0.491,0.2,High
0.8333,0,0.3046,0.1515,0.281,0.0023,Low
0.9286,0,0,0.0172,0.1645,0.0004,Low
0.9545,0,0,0.0256,0.1377,0.2,Low
0.9231,0.5,0.257,0,1,0.2,High
0.75,0,0.1975,0,0.5221,0.2,Low
0.75,0,0.2034,0.0341,0.0497,0.2,Low
0.9231,0,0.2033,0.0735,0.7203,0.2,Moderate
0.9231,0,0.2033,0.1332,0.7203,0.2,Moderate
0.9231,0,0.2033,0.1311,0.7203,0.2,Moderate
0.9231,0,0.2033,0.1123,0.7203,0.2,Moderate
0.8571,0.5,0.6301,0,0.2815,0.2,High
0.8571,0,0.2751,0,0.2815,0.2,Low
0.875,0.5,0,0,0.2111,0.2,Moderate
0.8333,0.5,0.3107,0.069,0.2321,0,Moderate
0.8333,0.5,0.4398,0.0121,0.8109,0.2,High
0.875,0.5,0.2035,0.1031,0.1324,0,Moderate
0.75,0,0,0,0.0012,0,No
0.9545,0,0.2275,0.0052,0.9329,0,Moderate
0.8,0.5,0,0,0.0012,0,Low
0.8889,0,0.3026,0,0.1365,0.0013,Low
0.75,0,0.111,0.125,0.0464,0,No
0.9,0.5,0.2072,0.2042,0.2984,0.2,Moderate
0.8571,0,0.3184,0.0079,0.6964,0.2,Moderate
0.9231,0,0.2033,0.1111,0.7203,0.2,Moderate
0.875,0,0.3853,0,0.2544,0.2,Low
0.8333,0,0.3427,0.0822,0.0628,0,Low
0.8571,0,0.2324,0.0306,0.0628,0,Low
0.9444,0.5,0.6294,0.0229,0.3173,0,High
0.9231,0,0.2033,0.1,0.7203,0.2,Moderate
0.875,0,0.099,0.1044,0.7203,0.2,Low
0.9167,0.5,0.4817,0.0071,0.9599,0.2,High
0.875,0,0.099,0.081,0.7203,0.2,Low
0.8,0,0,0.1488,0.1813,0,Low
0.75,0,0,0.1734,0.1813,0,Low
0.8571,0,0.31,0,0.2815,0.2,Low
0.8,0,0,0.0182,0.3141,0.2292,Low
0.875,0,0,0.0583,0.0419,0,No
0.875,0,0,0.0547,0.0419,0,No
0.875,0,0,0.0673,0.0419,0,No
0.875,0,0,0.0438,0.0419,0,No
0.875,0,0,0.07,0.0419,0,No
0.875,0,0,0.0398,0.0419,0,No
0.875,0,0,0.07,0.0419,0,No
0.875,0,0,0.0486,0.0419,0,No
0.875,0,0,0.0921,0.0419,0,No
0.875,0,0,0.0567,0.0419,0,No
0.5,0,0.0065,0,0.8666,0.2,Low
0.8,0,0.2398,0,0.2111,0.2,Low
0.75,0,0.2869,0.0847,0.1813,0,Low
0.875,0,0.4043,0,0.2815,0.2,Low
0.75,0,0,0,0.4773,0.2,Low
0.875,0,0.1392,0,1,0.0914,Moderate
0.9,0.5,0.4618,0.1143,0.0583,0.0002,Moderate
0.9444,0.5,0.1447,0.0147,0.0276,0.2,Moderate
0.8889,0.5,0.1391,0.0296,0.5863,0.2,Moderate
0.875,0,0.2439,0,0.0798,0.2,Low
0.9,0,0.0232,0,0.2544,0.2,Low
0.8889,0,0.1308,0.0129,0.2815,0.2,Low
0.8889,0,0.3154,0,0.2815,0.2,Low
0.8333,0,0,0.4167,0.0419,0,Low
0.8333,0,0,0.5729,0.0419,0,Low
0.8333,0,0,0.4167,0.0419,0,Low
0.8333,0,0,0.4167,0.0419,0,Low
0.8333,0,0,0.5833,0.0419,0,Low
0.8333,0,0,0.4167,0.0419,0,Low
0.8333,0,0,0.5555,0.0419,0,Low
0.8333,0,0,0.4629,0.0419,0,Low
0.8333,0,0,0.1016,0.0419,0,No
0.875,0.5,0,0,0.0197,0,Low
0.8571,0.5,0.5143,0.0016,0.2544,0.2,Moderate
0.6667,0,0,0.1795,0.1656,0,No
0.8333,0,0.2749,0,0.3641,0,Low
0.9375,0,0.2094,0.0104,0.9158,0.2,Moderate
0.8571,0,0.3193,0,0.2613,0,Low
0.8333,0,0.3829,0,0.3449,0,Low
0.8333,0,0.362,0.045,0.4804,0,Low
0.9737,0,0.2828,0,0.0031,0.2,Low
0.9091,0.5,0.5683,0.1407,0.3783,0.2,High
0.95,0,0.1057,0.0342,0.1082,0.2,Low
0.9,0,0,0.0629,0.0305,0.0018,No
0.9444,0,0.3594,0.0205,0.0285,0,Low
0.9375,0,0.3568,0.0375,0.1843,0,Low
0.9911,0,0.4565,0.0222,0.1173,0,Low
0.875,0.5,0.5748,0.0165,0.0235,0,Moderate
0.5,0.5,0,0.0422,0.5606,0.2,Low
0.8,0.6667,0.3744,0.0183,0.9389,0.2,High
0.75,0.6667,0.415,0.0924,0.1308,0.2,Moderate
0.8889,0.6667,0.6947,0,0.4348,0.2,High
0.875,0.5,0.2483,0,0.0262,0.2,Moderate
0.5,0.5,0,0.0833,0.1508,0,Low
0.8333,0.6667,0.477,0.0205,0.285,0,High
0.75,0.6667,0.4673,0.0229,0.471,0,High
0.875,0.8,0,0.1675,0.0911,0,Moderate
0.8,0.5,0.2337,0.0867,0.0138,0,Moderate
0.8571,0.5,0,0,0.0395,0.0001,Low
0.9167,0.5,0,0,0.0886,0.0002,Low
0.75,0.6667,0.6345,0.0039,0.3363,0,High
0.8,0.5,0,0,0.0298,0,Low
0.6667,0.6667,0.3059,0,0.1214,0,Moderate
0.9565,0.6667,0,0,0.4258,0,Moderate
0.8,0.5,0.5314,0,0.1899,0.0002,Moderate
0.8889,0.6667,0.3101,0.0087,0.0874,0,Moderate
0.8571,0.6667,0.3301,0,0.2408,0,Moderate
0.8571,0.6667,0.3301,0,0.2408,0,Moderate
0.9444,0.6667,0.5458,0,0.3701,0,High
0.6667,0.5,0,0.0292,0.0072,0.103,Low
0.8,0.5,0,0,0.2265,0.2386,Moderate
0.6667,0.5,0.3164,0,0.0191,0.0006,Low
0.9583,0.6667,0,0,0.1922,0.0106,Moderate
0.9091,0.6667,0.1594,0,0.222,0,Moderate
0.8,0.6667,0,0,0.6348,0.1664,Moderate
0.5,0.5,0.3299,0,0.1174,0,Low
0.6667,0.6667,0.5365,0,0.1414,0.0007,Moderate
0.6667,0.5,0.3848,0.0162,0.2089,0,Moderate
0.75,0.5,0.4644,0,0.0888,0,Moderate
0.5,0.5,0.1366,0,0.6594,0,Moderate
0.9375,0.5,0.2634,0,0.0788,0,Moderate
0.75,0.5,0,0.0112,0.0191,0.0006,Low
0.8,0.5,0.221,0.0151,0.1263,0,Moderate
0.6667,0.5,0,0,0.0197,0.0002,Low
0.8,0.5,0.1924,0,0.3985,0,Moderate
0.75,0.5,0,0,0.0429,0,Low
0.9167,0.6667,0.7301,0.088,0.3447,0.081,High
0.5,0.5,0.1806,0.0556,0.4914,0.0326,Moderate
0.8333,0.5,0.4539,0,0.3123,0,Moderate
0.8,0.5,0,0.0591,0.0687,0,Low
0.6667,0.5,0,0.0162,0.4291,0,Low
0.6667,0.5,0,0,0.3363,0,Low
0.5,0.5,0.148,0,0.0954,0.0001,Low
0.9333,0.6667,0.6511,0.0071,0.1385,0,High
0.8571,0.5,0,0,0.4072,0,Moderate
0.6667,0.5,0.217,0,0.046,0.0034,Low
0.6667,0.5,0,0,0.4197,0.0006,Low
0.5,0.6667,0.2459,0.0605,0.9074,0.2,High
0.9643,0.5,0.4756,0.0002,0.866,0.2,High
0.875,0,0.3228,0.0478,0.2752,0.2,Low
0,0,0,0,0.6834,0.0496,No
0.75,0.5,0.3981,0.0047,0.9331,0.2,High
0.9811,0.8,0.8715,0.1471,0.5525,0.2,Severe
0.9737,0.6667,0.3801,0.0706,0.5525,0.2,High
0.9,0.5,0.5024,0.3002,0.9067,0.2,Severe
0.9744,0.5,0,0.329,0.6877,0.2,High
0.963,0,0.4672,0.0154,0.5723,0.2,Moderate
0.95,0,0.263,0.0105,0.2508,0,Low
0.9474,0,0.3697,0.0506,0.0779,0.0333,Low
0.8571,0.5,0.2627,0.0077,0.4469,0,Moderate
0.9722,0,0.4164,0.0135,0.3424,0,Low
0.8889,0,0.2736,0.0076,0.1192,0,Low
0.9231,0.6667,0.7567,0.0662,0.3405,0,High
0.95,0,0.4107,0.0126,0.2955,0,Low
0.9375,0,0.3159,0.0086,0.8923,0.2,Moderate
0.9524,0.5,0,0.0147,0.2899,0,Moderate
0.9796,0,0.3533,0.01,0.8546,0.2,Moderate
0.9412,0.5,0.0556,0.0129,0.7561,0.2,Moderate
0.9,0.5,0.5201,0.0057,0.7561,0.2,High
